{"cameraMode":{"drawMode":0,"name":"Shaded","section":"Shading Mode"},"sceneLighting":false,"audioPlay":false,"sceneViewState":{"showFog":true,"showMaterialUpdate":true,"showSkybox":false,"showFlares":true,"showImageEffects":true,"showParticleSystems":true},"in2DMode":false,"pivot":{"x":0.8648340702056885,"y":0.2030506134033203,"z":-2.819688320159912},"rotation":{"x":0.11595020443201065,"y":0.7735612988471985,"z":-0.1482163965702057,"w":0.6051509380340576},"size":1.6112313270568848,"orthographic":false}