{"cameraMode":{"drawMode":0,"name":"Shaded","section":"Shading Mode"},"sceneLighting":false,"audioPlay":false,"sceneViewState":{"showFog":true,"showMaterialUpdate":true,"showSkybox":false,"showFlares":true,"showImageEffects":true,"showParticleSystems":true},"in2DMode":false,"pivot":{"x":-11.614562034606934,"y":1.0028674602508546,"z":-25.64125633239746},"rotation":{"x":-0.05393720045685768,"y":-0.9343377351760864,"z":0.16076938807964326,"w":-0.3134755492210388},"size":3.406437873840332,"orthographic":false}