{"cameraMode":{"drawMode":0,"name":"Shaded","section":"Shading Mode"},"sceneLighting":false,"audioPlay":false,"sceneViewState":{"showFog":true,"showMaterialUpdate":true,"showSkybox":false,"showFlares":true,"showImageEffects":true,"showParticleSystems":true},"in2DMode":false,"pivot":{"x":1.4901161193847657e-8,"y":1.4901161193847657e-8,"z":0.0},"rotation":{"x":-0.27253180742263796,"y":0.7249892950057983,"z":-0.41068795323371889,"w":-0.4811193346977234},"size":0.2449490875005722,"orthographic":false}