{"cameraMode":{"drawMode":0,"name":"Shaded","section":"Shading Mode"},"sceneLighting":false,"audioPlay":false,"sceneViewState":{"showFog":true,"showMaterialUpdate":true,"showSkybox":false,"showFlares":true,"showImageEffects":true,"showParticleSystems":true},"in2DMode":false,"pivot":{"x":-12.5,"y":4.000099182128906,"z":-28.799999237060548},"rotation":{"x":-0.10487670451402664,"y":0.37306487560272219,"z":-0.042490292340517047,"w":-0.9208888411521912},"size":5.2064385414123539,"orthographic":false}